ThreatHandle,OriginPoint,AffectedEntity,ImpactArea,ActionType,StartTime,EndTime,LifecycleStage,SeverityLevel,ConfidenceFactor,MitigationSteps,SupportingEvidence,RelatedIncidents,AnalystNotes,AttackMotivation,GeographicScope,DataSensitivity,SystemCriticality,PotentialFinancialImpact,ComplianceViolations,ReputationalDamagePotential
TA-2024-10-27-001,NationState_APT41,PowerGrid_ControlSystem,ElectricityDistribution,SpearPhishingCampaign,2024-10-27T02:00:00Z,2024-10-27T03:15:00Z,Reconnaissance,Critical,High,"Implement multi-factor authentication, Patch vulnerable systems, Conduct security awareness training",NetworkTrafficAnalysis_IDSAlerts_PhishingEmail,INC-2024-10-27-001A,Observed credential harvesting and lateral movement.  Targeting critical infrastructure control systems.,"Geopolitical Sabotage",National,High,Critical,$10000000,NERC_CIP_Violation,High
TA-2024-10-27-002,Unknown_RansomwareGroup,WaterTreatmentPlant_SCADA,WaterSupply,RansomwareDeployment,2024-10-27T05:30:00Z,2024-10-27T06:45:00Z,Exploitation,High,Medium,"Isolate affected systems, Restore from backup, Contact law enforcement",EncryptedFiles_RansomNote_SystemLogs,INC-2024-10-27-002A,Ryuk variant detected.  Demanding cryptocurrency for decryption key.,"Financial Gain",Regional,Medium,High,$500000,SafeDrinkingWaterAct_Violation,Medium
TA-2024-10-27-003,Hacktivist_AnonymousAffiliate,TelecommunicationsNetwork_CoreRouters,CommunicationsInfrastructure,DDoSAttack,2024-10-27T08:00:00Z,2024-10-27T09:30:00Z,Impact,Medium,High,"Implement DDoS mitigation services, Block malicious traffic, Increase bandwidth",TrafficAnomalies_NetworkMonitoring_SocialMediaPost,INC-2024-10-27-003A,Political statement associated with the attack on social media. Large botnet involved.,"Ideological",Global,Low,Medium,$100000,None,High
TA-2024-10-27-004,InsiderThreat_DisgruntledEmployee,GasPipeline_OperationalTechnology,EnergySupply,DataExfiltration,2024-10-27T11:00:00Z,2024-10-27T12:00:00Z,ActionOnObjectives,High,High,"Revoke employee access, Conduct forensic investigation, Implement stricter access controls",AuditLogs_FileTransferActivity_EmployeeEmail,INC-2024-10-27-004A,Sensitive schematics of the pipeline leaked. Employee was recently terminated.,"Revenge",Local,High,Critical,$2000000,HIPAA_Violation_ProprietaryInformationViolation,High
TA-2024-10-27-005,ScriptKiddie_LulzSecClone,TransportationSystem_TrafficControl,Transportation,WebsiteDefacement,2024-10-27T14:00:00Z,2024-10-27T14:15:00Z,Impact,Low,Low,"Restore website from backup, Patch vulnerabilities, Improve website security",WebsiteLogs_HackerMessage_SocialMediaBragging,INC-2024-10-27-005A,Simple defacement with no apparent long-term goals.  Likely for attention.,"Ego",Regional,Low,Low,$50000,None,Low
TA-2024-10-27-006,OrganizedCrime_FIN7,HealthcareProvider_PatientRecords,PublicHealth,PhishingAttack,2024-10-27T16:00:00Z,2024-10-27T17:30:00Z,Reconnaissance,Medium,High,"Implement stronger email filtering, Educate employees about phishing, Improve security awareness",PhishingEmails_MalwareAnalysis_NetworkLogs,INC-2024-10-27-006A,Targets patient data for resale on dark web. Well-crafted phishing campaign.,"Financial Gain",National,High,High,$750000,HIPAA_Violation,Medium
TA-2024-10-27-007,CloudProviderCompromise_SupplyChain,FinancialInstitution_BankingSystems,FinancialServices,MalwareInjection,2024-10-27T18:30:00Z,2024-10-27T20:00:00Z,Exploitation,Critical,Medium,"Isolate affected systems, Analyze malware, Contact cloud provider",SystemLogs_MalwareSamples_CompromisedSoftware,INC-2024-10-27-007A,Compromised third-party software used by the bank.  Difficult to detect.,"Financial Gain",International,High,Critical,$5000000,GDPR_Violation_PCI_DSS_Violation,High
TA-2024-10-27-008,VulnerableIOTDeviceBotnet,GovernmentAgency_WebServers,PublicServices,BruteForceAttack,2024-10-27T21:00:00Z,2024-10-27T22:30:00Z,Impact,Medium,High,"Strengthen password policies, Implement rate limiting, Block malicious IPs",ServerLogs_FailedLoginAttempts_NetworkTraffic,INC-2024-10-27-008A,Attempting to gain access to web servers.  Poor password hygiene enabled attack.,"Opportunistic",National,Low,Medium,$25000,None,Medium
TA-2024-10-27-009,DisinformationCampaign_ForeignInfluence,MediaOutlet_NewsWebsite,PublicOpinion,SocialEngineering,2024-10-27T23:00:00Z,2024-10-28T00:00:00Z,Impact,Medium,Medium,"Monitor social media, Debunk false information, Promote media literacy",SocialMediaPosts_FakeNewsArticles_BotActivity,INC-2024-10-27-009A,Spreading false narratives to influence public opinion. Difficult to attribute.,Political,Global,Low,Low,$0,None,High
TA-2024-10-27-010,MobileMalware_BankingTrojan,IndividualCitizens_PersonalDevices,PersonalFinance,SMSSishing,2024-10-28T00:30:00Z,2024-10-28T01:45:00Z,Delivery,Medium,High,"Educate users about SMS phishing, Implement mobile security solutions, Report suspicious messages",SMSMessages_MalwareAnalysis_BankStatements,INC-2024-10-27-010A,Stealing banking credentials via SMS phishing.  Widespread campaign.,"Financial Gain",National,High,Low,$100000,VariousStatePrivacyLaws,Medium
